{"companyList":[{"companyID":"AAT-2790","companyName":"TESCOM BUSINESS SOLUTIONS LLP"},{"companyID":"ABB-8198","companyName":"TESCON PLAN-I LLP"},{"companyID":"ABC-1523","companyName":"TESCO REALTY LLP"},{"companyID":"F03291","companyName":"TESCO INTERNATIONAL SOURCING LTD."},{"companyID":"F03655","companyName":"TESCO SINGAPORE PTE LTD"},{"companyID":"U18100UP2017PTC099299","companyName":"TESCOTT INDIA APPARELS PRIVATE LIMITED"},{"companyID":"U29150KA2006PTC038480","companyName":"TESCON ELEVATORS PRIVATE LIMITED"},{"companyID":"U29253DL2011PTC221004","companyName":"TESCON ENGINEERS PRIVATE LIMITED"},{"companyID":"U29253TG2015PTC099616","companyName":"TESCON TECHNOLOGIES PRIVATE LIMITED"},{"companyID":"U29292DL2011PTC220017","companyName":"TESCO GREEN ENGINEERING PRIVATE LIMITED"},{"companyID":"U31904KA2021PTC145316","companyName":"TESCOM PRIVATE LIMITED"},{"companyID":"U31909KA2005PTC036362","companyName":"TESCOM ELECTRONICS PRIVATE LIMITED"},{"companyID":"U32304UP1988PTC009331","companyName":"TESCO ELECTRONICS PVT. LTD"},{"companyID":"U36100DL2012PTC234719","companyName":"TESCOS LIFE CARE PRIVATE LIMITED"},{"companyID":"U40103TN2011PTC079117","companyName":"TESCO ENERGY PRIVATE LIMITED"},{"companyID":"U45201MH2022PTC376042","companyName":"TESCONGREEN PRIVATE LIMITED"},{"companyID":"U45202KL2001PTC014481","companyName":"TESCONS PROJECTS PRIVATE LIMITED"},{"companyID":"U45209AP2010PTC069837","companyName":"TESCON INFRA NICHE PRIVAE LIMITED"},{"companyID":"U45309PN2021PTC202699","companyName":"TESCORP PRIVATE LIMITED"},{"companyID":"U51900MH1986PTC040762","companyName":"TESCON EXPORTS PVT. LTD."},{"companyID":"U51909DL2012PTC244611","companyName":"TESCON MULTI PRODUCT PRIVATE LIMITED"},{"companyID":"U51909KA2008PTC047086","companyName":"TESCO HINDUSTAN WHOLESALING PRIVATE LIMITED"},{"companyID":"U52100PN2015PTC155279","companyName":"TESCO ELECTRICALS PRIVATE LIMITED"},{"companyID":"U52321TN1984PLC011299","companyName":"TESCONICS LIMITED"},{"companyID":"U63012MH2006PTC166305","companyName":"TESCO AGENCIES PRIVATE LIMITED"},{"companyID":"U72200KA2003PTC032530","companyName":"TESCO BENGALURU PRIVATE LIMITED"},{"companyID":"U72900MH2022PTC395136","companyName":"TESCOM BUSINESS INTERNET PRIVATE LIMITED"},{"companyID":"U72900TG2013PTC087133","companyName":"TESCON INFO SERVICES PRIVATE LIMITED"},{"companyID":"U72900TN2007PTC062071","companyName":"TESCOT TECHNOLOGIES AND SERVICES PRIVATE LIMITED"},{"companyID":"U73100AP1988PTC008933","companyName":"TESCON RESEARCH AND DEVELOPMENT SERVICES PVT LTD"},{"companyID":"U74900KA2012FTC066821","companyName":"TESCO SOURCING INDIA PRIVATE LIMITED"},{"companyID":"U74999DL2016PLC302950","companyName":"TESCONT MAINTENANCE LIMITED"},{"companyID":"U74999DL2022PTC408218","companyName":"TESCOS INFOTECH PRIVATE LIMITED"},{"companyID":"U93090KA2019PTC124671","companyName":"TESCOM TECHNOLOGIES PRIVATE LIMITED"}],"success":"true"}