{"companyList":[{"companyID":"AAD-0489","companyName":"TEMENOS CONSULTANCY SERVICES LLP"},{"companyID":"U30006TN1995PTC032883","companyName":"TEMENOS INDIA PRIVATE LIMITED"},{"companyID":"U52599WB2010PTC153122","companyName":"TEMENOS TRADECOM PRIVATE LIMITED"},{"companyID":"U70200GJ2018PTC105399","companyName":"TEMENOS INFRACON PRIVATE LIMITED"},{"companyID":"U72200TN2006PTC060211","companyName":"TEMENOS APPLICATION SERVICES PRIVATE LIMITED"},{"companyID":"U74999TN1999PTC042103","companyName":"TEMENOS SERVICES (INDIA) PRIVATE LIMITED"}],"success":"true"}